grant_title,id,organization,total_amount,group,Grant start date,start_month,start_day,start_year,Tool_Name
T1,1,GPP,80,low,2/4/2010,2,4,2010,UFT
T2,2,GPP,5,low,8/3/2009,8,3,2009,UFT
T3,3,GPP,19,low,11/12/2009,11,12,2009,UFT
T4,4,GPP,84,low,3/11/2010,3,11,2010,UFT
T5,5,GPP,71,low,10/12/2009,10,12,2009,UFT
T6,6,GPP,70,low,6/30/2009,6,30,2009,UFT
T7,7,GPP,36,low,9/24/2009,9,24,2009,APITESTING
T8,8,GPP,5,low,10/29/2009,10,29,2009,BDD
T9,9,GPP,73,low,11/16/2009,11,16,2009,APITESTING
T10,10,GPP,9,low,10/28/2009,10,28,2009,APITESTING
T11,11,GPP,89,low,11/2/2009,11,2,2009,APITESTING
T12,12,GPP,34,low,11/2/2009,11,2,2009,BDD
T13,13,GPP,30,low,11/2/2009,11,2,2009,BDD
T14,14,TransactionGenerator,65,low,11/2/2009,11,2,2009,BDD
T15,15,TransactionGenerator,99,low,10/28/2009,10,28,2009,UFT
T16,16,TransactionGenerator,76,low,11/10/2009,11,10,2009,UFT
T17,17,TransactionGenerator,89,low,11/13/2009,11,13,2009,UFT
T18,18,TransactionGenerator,15,low,11/1/2009,11,1,2009,UFT
T19,19,TransactionGenerator,51,low,3/24/2010,3,24,2010,UFT
T20,20,TransactionGenerator,45,low,10/29/2009,10,29,2009,UFT
T21,21,TransactionGenerator,47,low,11/4/2009,11,4,2009,APITESTING
T22,22,TransactionGenerator,38,low,10/1/2008,10,1,2008,APITESTING
T23,23,Bhamni,68,low,10/30/2009,10,30,2009,APITESTING
T24,24,Bhamni,17,low,1/28/2010,1,28,2010,BDD
T25,25,Bhamni,29,low,11/17/2009,11,17,2009,BDD
T26,26,Bhamni,12,low,5/13/2009,5,13,2009,BDD
T27,27,Bhamni,99,low,3/1/2008,3,1,2008,UFT
T28,28,Bhamni,98,low,10/1/2009,10,1,2009,UFT
T29,29,Bhamni,70,medium,4/30/2010,4,30,2010,UFT
